{
    "N_values": [
        5,
        10,
        15,
        20
    ],
    "CSIDH_avg_times": [
        0.019752340316772463,
        0.09149528026580811,
        0.22825948715209962,
        0.5038298392295837
    ],
    "CSIDH_CT_avg_times": [
        0.04917824506759644,
        0.13313461780548097,
        0.25430648803710937,
        0.4203438186645508
    ],
    "CSIDH_individual_times": {
        "5": [
            0.014603376388549805,
            0.02255070209503174,
            0.022120237350463867,
            0.01623988151550293,
            0.013092041015625,
            0.016942143440246582,
            0.02550351619720459,
            0.017491579055786133,
            0.023093223571777344,
            0.023656129837036133,
            0.021126866340637207,
            0.020785212516784668,
            0.017524242401123047,
            0.011690735816955566,
            0.014463424682617188,
            0.01695692539215088,
            0.02793741226196289,
            0.016558170318603516,
            0.023302912712097168,
            0.014917492866516113,
            0.013860106468200684,
            0.015283584594726562,
            0.022768139839172363,
            0.015575051307678223,
            0.020821094512939453,
            0.02187478542327881,
            0.017863154411315918,
            0.012471795082092285,
            0.01796567440032959,
            0.021381258964538574,
            0.016531944274902344,
            0.07780289649963379,
            0.019776105880737305,
            0.015851497650146484,
            0.015051484107971191,
            0.021408677101135254,
            0.02084064483642578,
            0.01953601837158203,
            0.021053075790405273,
            0.019153475761413574,
            0.016492009162902832,
            0.019912004470825195,
            0.018423080444335938,
            0.01598989963531494,
            0.021062493324279785,
            0.017571449279785156,
            0.020913243293762207,
            0.017020225524902344,
            0.017887234687805176,
            0.014918684959411621
        ],
        "10": [
            0.09705138206481934,
            0.08449923992156982,
            0.09516823291778564,
            0.08518266677856445,
            0.0963815450668335,
            0.1546626091003418,
            0.07418191432952881,
            0.06879353523254395,
            0.07951664924621582,
            0.07479202747344971,
            0.08395099639892578,
            0.07113015651702881,
            0.09415686130523682,
            0.06947815418243408,
            0.0945214033126831,
            0.1831192970275879,
            0.09884929656982422,
            0.08985447883605957,
            0.07458138465881348,
            0.0833510160446167,
            0.09163832664489746,
            0.07385027408599854,
            0.07672810554504395,
            0.07322049140930176,
            0.08330857753753662,
            0.07747089862823486,
            0.0817265510559082,
            0.07259249687194824,
            0.08811867237091064,
            0.13387644290924072,
            0.07469403743743896,
            0.06831622123718262,
            0.07562637329101562,
            0.0795438289642334,
            0.16059935092926025,
            0.08390462398529053,
            0.08878755569458008,
            0.09502792358398438,
            0.08209049701690674,
            0.059324026107788086,
            0.09113121032714844,
            0.07561790943145752,
            0.08060252666473389,
            0.18368470668792725,
            0.06317007541656494,
            0.09705758094787598,
            0.07471108436584473,
            0.09435093402862549,
            0.15185070037841797,
            0.08891916275024414
        ],
        "15": [
            0.3178924322128296,
            0.2196664810180664,
            0.3110189437866211,
            0.22804462909698486,
            0.2719334363937378,
            0.19209980964660645,
            0.2197197675704956,
            0.18136084079742432,
            0.23471105098724365,
            0.1533823013305664,
            0.2448115348815918,
            0.2757052183151245,
            0.1988428831100464,
            0.24759161472320557,
            0.21868538856506348,
            0.1744917631149292,
            0.23102593421936035,
            0.21022045612335205,
            0.2403014898300171,
            0.2220139503479004,
            0.1834707260131836,
            0.19222986698150635,
            0.28394150733947754,
            0.19222009181976318,
            0.34369957447052,
            0.17895889282226562,
            0.20554935932159424,
            0.23507428169250488,
            0.21026396751403809,
            0.1836000680923462,
            0.18246042728424072,
            0.293782114982605,
            0.22660958766937256,
            0.27569401264190674,
            0.2021033763885498,
            0.23677873611450195,
            0.254608154296875,
            0.2948184013366699,
            0.1994469165802002,
            0.24042987823486328,
            0.2476431131362915,
            0.1918802261352539,
            0.21131598949432373,
            0.21704256534576416,
            0.24150347709655762,
            0.22335302829742432,
            0.21003127098083496,
            0.212363600730896,
            0.2367466688156128,
            0.21183454990386963
        ],
        "20": [
            0.4602569341659546,
            0.5429457426071167,
            0.6174612045288086,
            0.4414435625076294,
            0.4197568893432617,
            0.49962615966796875,
            0.592606782913208,
            0.5931451320648193,
            0.5124419927597046,
            0.4913763999938965,
            0.47115373611450195,
            0.44697093963623047,
            0.46089982986450195,
            0.5286359786987305,
            0.583669900894165,
            0.4851107597351074,
            0.5214179754257202,
            0.5003961324691772,
            0.4112902879714966,
            0.4876455068588257,
            0.4087306261062622,
            0.42405033111572266,
            0.49821043014526367,
            0.6324894428253174,
            0.4350759983062744,
            0.540845513343811,
            0.3993481397628784,
            0.4769810438156128,
            0.6223413944244385,
            0.4910951852798462,
            0.4889324903488159,
            0.4667626619338989,
            0.5472531318664551,
            0.5776331424713135,
            0.5120913982391357,
            0.5782595872879028,
            0.5086543560028076,
            0.6390466690063477,
            0.4847303628921509,
            0.4052560329437256,
            0.44207751750946045,
            0.5338382720947266,
            0.47010338306427,
            0.4058964252471924,
            0.4447273015975952,
            0.5272222757339478,
            0.5511407852172852,
            0.5961021184921265,
            0.5154489278793335,
            0.49889516830444336
        ]
    },