{
    "N_values": [
        5,
        10,
        15,
        20,
        25,
        30,
        35,
        40,
        45,
        50
    ],
    "CSIDH_avg_times": [
        0.01738474369049072,
        0.047661292552948,
        0.09281669855117798,
        0.1167712926864624,
        0.1701398968696594,
        0.24528071880340577,
        0.32621830701828003,
        0.4392304182052612,
        0.540577232837677,
        0.6355800867080689
    ],
    "CSIDH_CT_avg_times": [
        0.05235292911529541,
        0.14426097869873047,
        0.2564918637275696,
        0.37673851251602175,
        0.5768156409263611,
        0.771506154537201,
        1.060849142074585,
        1.3481724500656127,
        1.6936848759651184,
        2.221043658256531
    ],
    "CSIDH_individual_times": {
        "5": [
            0.021689891815185547,
            0.012893319129943848,
            0.016109824180603027,
            0.013298630714416504,
            0.02271139621734619,
            0.018671274185180664,
            0.019503235816955566,
            0.01726353168487549,
            0.01833939552307129,
            0.013366937637329102
        ],
        "10": [
            0.055449485778808594,
            0.04268372058868408,
            0.0376894474029541,
            0.04644179344177246,
            0.04335629940032959,
            0.05272948741912842,
            0.048137664794921875,
            0.05716288089752197,
            0.0458378791809082,
            0.047124266624450684
        ],
        "15": [
            0.07404589653015137,
            0.08546757698059082,
            0.09859240055084229,
            0.08751630783081055,
            0.18632102012634277,
            0.0885242223739624,
            0.06599199771881104,
            0.07332313060760498,
            0.07778823375701904,
            0.09059619903564453
        ],
        "20": [
            0.1259479522705078,
            0.1319185495376587,
            0.11684083938598633,
            0.12174487113952637,
            0.11165213584899902,
            0.09809327125549316,
            0.10499393939971924,
            0.13022053241729736,
            0.11843812465667725,
            0.10786271095275879
        ],
        "25": [
            0.21961653232574463,
            0.1562889814376831,
            0.14483118057250977,
            0.1289665699005127,
            0.23121368885040283,
            0.1747903823852539,
            0.17448663711547852,
            0.14963102340698242,
            0.16613256931304932,
            0.15544140338897705
        ],
        "30": [
            0.21458172798156738,
            0.2426975965499878,
            0.2059323787689209,
            0.25271284580230713,
            0.24008798599243164,
            0.24457168579101562,
            0.25901734828948975,
            0.25942397117614746,
            0.3066290616989136,
            0.22715258598327637
        ],
        "35": [
            0.33797216415405273,
            0.31508541107177734,
            0.329961895942688,
            0.36247479915618896,
            0.30296647548675537,
            0.28839612007141113,
            0.2806875705718994,
            0.33689963817596436,
            0.44020986557006836,
            0.26752912998199463
        ],
        "40": [
            0.4592248201370239,
            0.48754894733428955,
            0.3992762565612793,
            0.5689654350280762,
            0.40261781215667725,
            0.381186842918396,
            0.3999384641647339,
            0.41067516803741455,
            0.45778417587280273,
            0.42508625984191895
        ],
        "45": [
            0.4984174966812134,
            0.5620334148406982,
            0.516531229019165,
            0.5483217239379883,
            0.4834390878677368,
            0.6046302318572998,
            0.48109376430511475,
            0.6310961246490479,
            0.5008481740951538,
            0.579361081123352
        ],
        "50": [
            0.5938093662261963,
            0.5558961629867554,
            0.7469421625137329,
            0.6037555932998657,
            0.610761284828186,
            0.737381100654602,
            0.6030102968215942,
            0.6304417848587036,
            0.6194989681243896,
            0.6543041467666626
        ]
    },
    "CSIDH_CT_individual_times": {
        "5": [
            0.03825235366821289,
            0.04632365703582764,
            0.10843348503112793,
            0.05027484893798828,
            0.047422051429748535,
            0.046160221099853516,
            0.044174790382385254,
            0.04581284523010254,
            0.04753279685974121,
            0.04914224147796631
        ],
        "10": [
            0.12212133407592773,
            0.12266421318054199,
            0.12541019916534424,
            0.11634206771850586,
            0.19966161251068115,
            0.13896119594573975,
            0.12899720668792725,
            0.1448439359664917,
            0.19833612442016602,
            0.145271897315979
        ],
        "15": [
            0.23486113548278809,
            0.2393331527709961,
            0.2265704870223999,
            0.2588803768157959,
            0.24639201164245605,
            0.30692052841186523,
            0.23586797714233398,
            0.21995651721954346,
            0.3454263210296631,
            0.250710129737854
        ],
        "20": [
            0.45079827308654785,
            0.3694685697555542,
            0.3966468572616577,
            0.355218768119812,
            0.37333929538726807,
            0.3698228597640991,
            0.36575233936309814,
            0.3674440383911133,
            0.3623412847518921,
            0.3565528392791748
        ],
        "25": [
            0.6634222269058228,
            0.5689494609832764,
            0.5430951118469238,
            0.6146016120910645,
            0.5316957235336304,
            0.6211405992507935,
            0.5446438789367676,
            0.5439189672470093,
            0.6015206575393677,
            0.5351681709289551
        ],
        "30": [
            0.8057409524917603,
            0.7449246644973755,
            0.7485318183898926,
            0.8079690933227539,
            0.753287672996521,
            0.8153544664382935,
            0.8137987852096558,
            0.742501974105835,
            0.731535792350769,
            0.7514163255691528
        ],
        "35": [
            1.0947284698486328,
            1.065032958984375,
            1.0506049394607544,
            1.0646567344665527,
            1.0575288534164429,
            1.0584614276885986,
            1.049263834953308,
            1.0523183345794678,
            1.0564234256744385,
            1.0594724416732788
        ],
        "40": [
            1.3024988174438477,
            1.3090394735336304,
            1.3116735219955444,
            1.4071224927902222,
            1.407219648361206,
            1.3915516138076782,
            1.3284608125686646,
            1.3156368732452393,
            1.324965476989746,
            1.3835557699203491
        ],
        "45": [
            1.714125394821167,
            1.6301915645599365,
            1.7065891027450562,
            1.7339283227920532,
            1.643731713294983,
            1.721100091934204,
            1.7212343215942383,
            1.7035032510757446,
            1.6371957063674927,
            1.7252492904663086
        ],
        "50": [
            2.231254816055298,
            2.21977961063385,
            2.2213011980056763,
            2.2340753078460693,
            2.22226083278656,
            2.208106279373169,
            2.2275543212890625,
            2.215535283088684,
            2.2206099033355713,
            2.209959030151367
        ]
    }
}