{
    "N_values": [
        20,
        40,
        60,
        80,
        100
    ],
    "CSIDH_avg_times": [
        0.13974552154541015,
        0.46457700729370116,
        1.1392426252365113,
        2.3882820844650268,
        5.03650016784668
    ],
    "CSIDH_CT_avg_times": [
        0.4117499589920044,
        1.462447500228882,
        3.63922655582428,
        7.330379152297974,
        14.243369603157044
    ],
    "CSIDH_individual_times": {
        "20": [
            0.12327873706817627,
            0.10681092739105225,
            0.12393903732299805,
            0.20690453052520752,
            0.1377943754196167
        ],
        "40": [
            0.45148766040802,
            0.48064982891082764,
            0.4952259063720703,
            0.41472887992858887,
            0.480792760848999
        ],
        "60": [
            1.0443447828292847,
            1.0504604578018188,
            1.169076681137085,
            1.2712899446487427,
            1.161041259765625
        ],
        "80": [
            2.152195930480957,
            2.4013850688934326,
            2.6615395545959473,
            2.500752806663513,
            2.225537061691284
        ],
        "100": [
            5.356412410736084,
            4.997554540634155,
            5.198723793029785,
            5.368794679641724,
            4.26101541519165
        ]
    },
    "CSIDH_CT_individual_times": {
        "20": [
            0.403725266456604,
            0.4542316198348999,
            0.4140493869781494,
            0.38929176330566406,
            0.3974517583847046
        ],
        "40": [
            1.4560421705245972,
            1.5098776817321777,
            1.4177591800689697,
            1.4036098718643188,
            1.5249485969543457
        ],
        "60": [
            3.6220299005508423,
            3.723523259162903,
            3.739189863204956,
            3.6687015295028687,
            3.442688226699829
        ],
        "80": [
            7.304723381996155,
            7.274708151817322,
            7.3208091259002686,
            7.473034977912903,
            7.27862012386322
        ],
        "100": [
            14.031546831130981,
            14.391299724578857,
            14.594292402267456,
            14.123831391334534,
            14.075877666473389
        ]
    }
}